time_utc_iso,twl_ft_mllw,tide_ft_mllw,surge_ft,src_time
2026-04-09T18:00:00.000Z,2.66,2.774,0.1,202604091800
2026-04-09T19:00:00.000Z,2.538,2.556,0.1,202604091900
2026-04-09T20:00:00.000Z,2.128,2.083,0.1,202604092000
2026-04-09T21:00:00.000Z,1.639,1.552,0.1,202604092100
2026-04-09T22:00:00.000Z,1.269,1.118,0.1,202604092200
2026-04-09T23:00:00.000Z,1.069,0.84,0.1,202604092300
2026-04-10T00:00:00.000Z,1.02,0.781,0,202604100000
2026-04-10T01:00:00.000Z,1.249,1.001,0,202604100100
2026-04-10T02:00:00.000Z,1.649,1.496,0.1,202604100200
2026-04-10T03:00:00.000Z,2.259,2.183,0,202604100300
2026-04-10T04:00:00.000Z,2.938,2.871,0,202604100400
2026-04-10T05:00:00.000Z,3.539,3.372,0,202604100500
2026-04-10T06:00:00.000Z,3.86,3.619,0,202604100600
2026-04-10T07:00:00.000Z,3.778,3.556,0,202604100700
2026-04-10T08:00:00.000Z,3.299,3.147,0,202604100800
2026-04-10T09:00:00.000Z,2.748,2.524,0,202604100900
2026-04-10T10:00:00.000Z,2.148,1.887,0,202604101000
2026-04-10T11:00:00.000Z,1.538,1.335,0,202604101100
2026-04-10T12:00:00.000Z,1.039,0.935,0.1,202604101200
2026-04-10T13:00:00.000Z,0.751,0.778,0.1,202604101300
2026-04-10T14:00:00.000Z,0.859,0.914,0.1,202604101400
2026-04-10T15:00:00.000Z,1.21,1.325,0.1,202604101500
2026-04-10T16:00:00.000Z,1.63,1.874,0.1,202604101600
2026-04-10T17:00:00.000Z,2.168,2.358,0.1,202604101700
2026-04-10T18:00:00.000Z,2.578,2.672,0.1,202604101800
2026-04-10T19:00:00.000Z,2.719,2.774,0.1,202604101900
2026-04-10T20:00:00.000Z,2.63,2.588,0.1,202604102000
2026-04-10T21:00:00.000Z,2.299,2.148,0.1,202604102100
2026-04-10T22:00:00.000Z,1.918,1.643,0.1,202604102200
2026-04-10T23:00:00.000Z,1.6,1.21,0.2,202604102300
2026-04-11T00:00:00.000Z,1.259,0.906,0.1,202604110000
2026-04-11T01:00:00.000Z,1.059,0.809,0.1,202604110100
2026-04-11T02:00:00.000Z,1.2,0.994,0.1,202604110200
2026-04-11T03:00:00.000Z,1.728,1.472,0.1,202604110300
2026-04-11T04:00:00.000Z,2.318,2.149,0,202604110400
2026-04-11T05:00:00.000Z,2.919,2.818,0,202604110500
2026-04-11T06:00:00.000Z,3.489,3.315,0.1,202604110600
2026-04-11T07:00:00.000Z,3.798,3.586,0.1,202604110700
2026-04-11T08:00:00.000Z,3.817,3.548,0.1,202604110800
2026-04-11T09:00:00.000Z,3.378,3.149,0.1,202604110900
2026-04-11T10:00:00.000Z,2.84,2.533,0.1,202604111000
2026-04-11T11:00:00.000Z,2.191,1.89,0.1,202604111100
2026-04-11T12:00:00.000Z,1.58,1.31,0.2,202604111200
2026-04-11T13:00:00.000Z,1.098,0.876,0.2,202604111300
2026-04-11T14:00:00.000Z,0.8,0.7,0.2,202604111400
2026-04-11T15:00:00.000Z,0.8,0.849,0.2,202604111500
2026-04-11T16:00:00.000Z,1.088,1.293,0.1,202604111600
2026-04-11T17:00:00.000Z,1.649,1.87,0.2,202604111700
2026-04-11T18:00:00.000Z,2.309,2.387,0.2,202604111800
2026-04-11T19:00:00.000Z,2.738,2.757,0.2,202604111900
2026-04-11T20:00:00.000Z,2.978,2.908,0.2,202604112000
2026-04-11T21:00:00.000Z,2.758,2.732,0.2,202604112100
2026-04-11T22:00:00.000Z,2.45,2.279,0.2,202604112200
2026-04-11T23:00:00.000Z,2.01,1.746,0.3,202604112300
2026-04-12T00:00:00.000Z,1.449,1.26,0.1,202604120000
2026-04-12T01:00:00.000Z,0.98,0.887,0.1,202604120100
2026-04-12T02:00:00.000Z,0.77,0.738,0,202604120200
2026-04-12T03:00:00.000Z,0.97,0.908,0,202604120300
2026-04-12T04:00:00.000Z,1.449,1.401,0,202604120400
2026-04-12T05:00:00.000Z,2.059,2.096,0,202604120500
2026-04-12T06:00:00.000Z,2.699,2.786,0,202604120600
2026-04-12T07:00:00.000Z,3.27,3.325,0,202604120700
2026-04-12T08:00:00.000Z,3.689,3.638,0,202604120800
2026-04-12T09:00:00.000Z,3.739,3.599,0,202604120900
2026-04-12T10:00:00.000Z,3.289,3.167,0,202604121000
2026-04-12T11:00:00.000Z,2.64,2.511,0,202604121100
2026-04-12T12:00:00.000Z,2,1.817,0,202604121200
2026-04-12T13:00:00.000Z,1.371,1.177,0,202604121300
2026-04-12T14:00:00.000Z,0.879,0.709,0,202604121400
2026-04-12T15:00:00.000Z,0.698,0.551,0,202604121500
2026-04-12T16:00:00.000Z,0.81,0.761,0,202604121600
2026-04-12T17:00:00.000Z,1.308,1.282,0,202604121700
2026-04-12T18:00:00.000Z,1.849,1.936,0,202604121800
2026-04-12T19:00:00.000Z,2.45,2.539,0,202604121900
2026-04-12T20:00:00.000Z,2.968,2.987,0,202604122000
2026-04-12T21:00:00.000Z,3.188,3.16,0,202604122100
2026-04-12T22:00:00.000Z,3.119,2.943,0,202604122200
2026-04-12T23:00:00.000Z,2.778,2.424,0,202604122300
2026-04-13T00:00:00.000Z,2.158,1.808,0,202604130000
2026-04-13T01:00:00.000Z,1.518,1.22,0,202604130100
2026-04-13T02:00:00.000Z,1.049,0.764,0,202604130200
2026-04-13T03:00:00.000Z,0.81,0.584,0,202604130300
2026-04-13T04:00:00.000Z,0.888,0.772,0.1,202604130400
2026-04-13T05:00:00.000Z,1.479,1.311,0.1,202604130500
2026-04-13T06:00:00.000Z,2.158,2.065,0.1,202604130600
2026-04-13T07:00:00.000Z,2.869,2.819,0.1,202604130700
2026-04-13T08:00:00.000Z,3.578,3.42,0.1,202604130800
2026-04-13T09:00:00.000Z,3.988,3.749,0.1,202604130900
2026-04-13T10:00:00.000Z,3.89,3.659,0.1,202604131000
2026-04-13T11:00:00.000Z,3.388,3.147,0,202604131100
2026-04-13T12:00:00.000Z,2.738,2.409,0,202604131200
2026-04-13T13:00:00.000Z,1.948,1.631,0,202604131300
2026-04-13T14:00:00.000Z,1.18,0.932,0,202604131400
2026-04-13T15:00:00.000Z,0.508,0.469,0,202604131500
2026-04-13T16:00:00.000Z,0.16,0.378,-0.1,202604131600
2026-04-13T17:00:00.000Z,0.288,0.697,-0.1,202604131700
2026-04-13T18:00:00.000Z,0.879,1.347,-0.1,202604131800
2026-04-13T19:00:00.000Z,1.58,2.132,-0.2,202604131900
2026-04-13T20:00:00.000Z,2.338,2.844,-0.2,202604132000
2026-04-13T21:00:00.000Z,2.889,3.346,-0.2,202604132100
2026-04-13T22:00:00.000Z,3.148,3.485,-0.3,202604132200
2026-04-13T23:00:00.000Z,2.938,3.17,-0.3,202604132300
2026-04-14T00:00:00.000Z,2.309,2.529,-0.3,202604140000
2026-04-14T01:00:00.000Z,1.61,1.782,-0.3,202604140100
2026-04-14T02:00:00.000Z,0.951,1.075,-0.3,202604140200
2026-04-14T03:00:00.000Z,0.321,0.554,-0.3,202604140300
2026-04-14T04:00:00.000Z,0.059,0.375,-0.4,202604140400
2026-04-14T05:00:00.000Z,0.219,0.614,-0.4,202604140500
2026-04-14T06:00:00.000Z,0.829,1.241,-0.4,202604140600
2026-04-14T07:00:00.000Z,1.669,2.095,-0.4,202604140700
2026-04-14T08:00:00.000Z,2.578,2.934,-0.4,202604140800
2026-04-14T09:00:00.000Z,3.329,3.574,-0.4,202604140900
2026-04-14T10:00:00.000Z,3.899,3.869,-0.3,202604141000
2026-04-14T11:00:00.000Z,3.909,3.68,-0.3,202604141100
2026-04-14T12:00:00.000Z,3.26,3.047,-0.2,202604141200
2026-04-14T13:00:00.000Z,2.479,2.198,-0.2,202604141300
2026-04-14T14:00:00.000Z,1.659,1.335,-0.2,202604141400
2026-04-14T15:00:00.000Z,0.879,0.613,-0.2,202604141500
2026-04-14T16:00:00.000Z,0.229,0.204,-0.2,202604141600
2026-04-14T17:00:00.000Z,0.111,0.23,-0.1,202604141700
2026-04-14T18:00:00.000Z,0.333,0.711,-0.1,202604141800
2026-04-14T19:00:00.000Z,1.145,1.542,0,202604141900
2026-04-14T20:00:00.000Z,2.082,2.477,0,202604142000
2026-04-14T21:00:00.000Z,2.968,3.277,0,202604142100
2026-04-14T22:00:00.000Z,3.61,3.778,0,202604142200
2026-04-14T23:00:00.000Z,3.835,3.824,0,202604142300
2026-04-15T00:00:00.000Z,3.572,3.355,0,202604150000
2026-04-15T01:00:00.000Z,2.961,2.549,0,202604150100
2026-04-15T02:00:00.000Z,2.064,1.653,-0.1,202604150200
2026-04-15T03:00:00.000Z,1.204,0.844,-0.1,202604150300
2026-04-15T04:00:00.000Z,0.489,0.29,-0.1,202604150400
2026-04-15T05:00:00.000Z,0.157,0.145,-0.1,202604150500
2026-04-15T06:00:00.000Z,0.305,0.476,-0.1,202604150600
2026-04-15T07:00:00.000Z,0.875,1.233,-0.1,202604150700
2026-04-15T08:00:00.000Z,1.713,2.204,-0.1,202604150800
2026-04-15T09:00:00.000Z,2.739,3.105,0,202604150900
2026-04-15T10:00:00.000Z,3.563,3.738,0,202604151000
2026-04-15T11:00:00.000Z,4.018,3.951,0,202604151100
2026-04-15T12:00:00.000Z,3.883,3.622,0,202604151200
2026-04-15T13:00:00.000Z,3.248,2.843,0,202604151300
2026-04-15T14:00:00.000Z,2.397,1.884,0,202604151400
2026-04-15T15:00:00.000Z,1.499,0.971,0,202604151500
2026-04-15T16:00:00.000Z,0.659,0.273,0,202604151600
2026-04-15T17:00:00.000Z,0.187,-0.035,0.1,202604151700
2026-04-15T18:00:00.000Z,0.109,0.156,0.1,202604151800
2026-04-15T19:00:00.000Z,0.623,0.849,0.1,202604151900
2026-04-15T20:00:00.000Z,1.582,1.877,0.1,202604152000
2026-04-15T21:00:00.000Z,2.661,2.938,0.1,202604152100
2026-04-15T22:00:00.000Z,3.685,3.773,0.2,202604152200
2026-04-15T23:00:00.000Z,4.198,4.217,0.1,202604152300
2026-04-16T00:00:00.000Z,4.336,4.114,0.1,202604160000
2026-04-16T01:00:00.000Z,3.92,3.452,0.1,202604160100
2026-04-16T02:00:00.000Z,3.087,2.47,0.1,202604160200
2026-04-16T03:00:00.000Z,2.056,1.444,0.1,202604160300
2026-04-16T04:00:00.000Z,1.055,0.564,0.1,202604160400
2026-04-16T05:00:00.000Z,0.327,0.009,0.1,202604160500
2026-04-16T06:00:00.000Z,0.052,-0.061,0.1,202604160600
2026-04-16T07:00:00.000Z,0.294,0.405,0.1,202604160700
2026-04-16T08:00:00.000Z,1.023,1.308,0.1,202604160800
2026-04-16T09:00:00.000Z,2.061,2.372,0.1,202604160900
2026-04-16T10:00:00.000Z,3.115,3.289,0.1,202604161000
2026-04-16T11:00:00.000Z,3.91,3.871,0.1,202604161100
2026-04-16T12:00:00.000Z,4.203,3.96,0.1,202604161200
2026-04-16T13:00:00.000Z,3.983,3.464,0.2,202604161300
2026-04-16T14:00:00.000Z,3.212,2.546,0.2,202604161400
2026-04-16T15:00:00.000Z,2.25,1.513,0.2,202604161500
2026-04-16T16:00:00.000Z,1.259,0.592,0.2,202604161600
2026-04-16T17:00:00.000Z,0.42,-0.039,0.2,202604161700
2026-04-16T18:00:00.000Z,-0.003,-0.203,0.2,202604161800
2026-04-16T19:00:00.000Z,0.19,0.199,0.2,202604161900
2026-04-16T20:00:00.000Z,0.984,1.117,0.2,202604162000
2026-04-16T21:00:00.000Z,2.126,2.311,0.2,202604162100
2026-04-16T22:00:00.000Z,3.279,3.441,0.2,202604162200
2026-04-16T23:00:00.000Z,4.229,4.257,0.2,202604162300
2026-04-17T00:00:00.000Z,4.807,4.591,0.2,202604170000
2026-04-17T01:00:00.000Z,4.786,4.3,0.2,202604170100
2026-04-17T02:00:00.000Z,4.106,3.442,0.2,202604170200
2026-04-17T03:00:00.000Z,2.919,2.313,0.1,202604170300
2026-04-17T04:00:00.000Z,1.741,1.195,0.1,202604170400
2026-04-17T05:00:00.000Z,0.699,0.279,0.1,202604170500
2026-04-17T06:00:00.000Z,-0.004,-0.233,0.1,202604170600
2026-04-17T07:00:00.000Z,-0.192,-0.186,0.1,202604170700
2026-04-17T08:00:00.000Z,0.223,0.43,0.1,202604170800
2026-04-17T09:00:00.000Z,1.166,1.452,0.1,202604170900
2026-04-17T10:00:00.000Z,2.332,2.557,0.1,202604171000
2026-04-17T11:00:00.000Z,3.373,3.446,0.1,202604171100
2026-04-17T12:00:00.000Z,4.045,3.936,0.1,202604171200
2026-04-17T13:00:00.000Z,4.161,3.872,0.1,202604171300
2026-04-17T14:00:00.000Z,3.67,3.217,0.1,202604171400
2026-04-17T15:00:00.000Z,2.868,2.2,0.2,202604171500
2026-04-17T16:00:00.000Z,1.814,1.139,0.2,202604171600
2026-04-17T17:00:00.000Z,0.797,0.25,0.2,202604171700
2026-04-17T18:00:00.000Z,0.061,-0.274,0.2,202604171800
2026-04-17T19:00:00.000Z,-0.023,-0.254,0.3,202604171900
2026-04-17T20:00:00.000Z,0.444,0.367,0.3,202604172000
2026-04-17T21:00:00.000Z,1.439,1.471,0.3,202604172100
2026-04-17T22:00:00.000Z,2.69,2.767,0.3,202604172200
2026-04-17T23:00:00.000Z,3.912,3.907,0.3,202604172300
2026-04-18T00:00:00.000Z,4.876,4.653,0.3,202604180000
2026-04-18T01:00:00.000Z,5.319,4.839,0.3,202604180100
2026-04-18T02:00:00.000Z,5.021,4.36,0.3,202604180200
2026-04-18T03:00:00.000Z,4.087,3.345,0.3,202604180300
2026-04-18T04:00:00.000Z,2.871,2.117,0.3,202604180400
2026-04-18T05:00:00.000Z,1.646,0.947,0.3,202604180500
2026-04-18T06:00:00.000Z,0.696,0.043,0.4,202604180600
2026-04-18T07:00:00.000Z,0.057,-0.379,0.4,202604180700
2026-04-18T08:00:00.000Z,0.03,-0.198,0.4,202604180800
2026-04-18T09:00:00.000Z,0.743,0.541,0.5,202604180900
2026-04-18T10:00:00.000Z,1.809,1.627,0.5,202604181000
2026-04-18T11:00:00.000Z,2.975,2.721,0.5,202604181100
2026-04-18T12:00:00.000Z,3.924,3.539,0.5,202604181200
2026-04-18T13:00:00.000Z,4.548,3.909,0.6,202604181300
2026-04-18T14:00:00.000Z,4.492,3.696,0.6,202604181400
2026-04-18T15:00:00.000Z,3.858,2.923,0.6,202604181500
2026-04-18T16:00:00.000Z,2.868,1.859,0.6,202604181600
2026-04-18T17:00:00.000Z,1.779,0.81,0.6,202604181700
2026-04-18T18:00:00.000Z,0.925,-0.007,0.7,202604181800
2026-04-18T19:00:00.000Z,0.381,-0.386,0.7,202604181900
2026-04-18T20:00:00.000Z,0.438,-0.177,0.7,202604182000
2026-04-18T21:00:00.000Z,1.092,0.62,0.7,202604182100
2026-04-18T22:00:00.000Z,2.212,1.84,0.7,202604182200
2026-04-18T23:00:00.000Z,3.931,3.169,0.7,202604182300
2026-04-19T00:00:00.000Z,5.024,4.262,0.7,202604190000
